Tahun,Provinsi,Kabupaten/Kota,Sisa Makanan (%),Kayu-Ranting (%),Kertas-Karton (%),Plastik(%),Logam(%),Kain(%),Karet- Kulit (%),Kaca(%),Lainnya(%)
2024,Aceh,Kab. Aceh Selatan,30.08,12.29,13.10,16.33,6.40,5.42,3.43,5.35,7.60
2024,Aceh,Kab. Aceh Tenggara,41.00,7.00,10.00,18.00,2.00,4.00,16.00,2.00,
2024,Aceh,Kab. Aceh Timur,25.00,21.00,9.00,14.00,6.00,5.00,7.00,8.00,5.00
2024,Aceh,Kab. Aceh Tengah,22.00,18.00,7.00,26.00,3.00,11.00,5.00,5.00,3.00
2024,Aceh,Kab. Aceh Barat,57.00,3.30,6.00,24.00,4.00,3.00,1.00,1.20,0.50
2024,Aceh,Kab. Aceh Besar,25.50,25.50,9.50,21.60,5.10,3.30,3.30,3.70,2.50
2024,Aceh,Kab. Pidie,8.50,7.50,19.30,35.70,4.00,1.00,3.00,2.00,19.00
2024,Aceh,Kab. Aceh Utara,30.00,10.00,10.00,40.00,5.00,2.00,1.00,1.00,1.00
2024,Aceh,Kab. Simeulue,22.80,15.30,12.10,26.20,10.20,3.60,2.80,2.00,5.00
2024,Aceh,Kab. Aceh Singkil,30.00,10.00,15.00,22.00,2.00,5.00,3.00,2.00,11.00
2024,Aceh,Kab. Bireuen,42.70,9.90,14.20,18.90,2.60,2.10,2.20,2.30,5.10
2024,Aceh,Kab. Aceh Barat Daya,20.00,2.00,25.00,30.00,11.00,2.00,3.00,1.00,6.00
2024,Aceh,Kab. Gayo Lues,26.00,21.00,10.00,30.00,4.00,2.00,1.00,1.00,5.00
2024,Aceh,Kab. Aceh Jaya,48.00,14.00,10.00,14.00,9.00,2.00,1.00,1.00,1.00
2024,Aceh,Kab. Nagan Raya,43.00,8.00,4.00,35.00,1.00,2.00,2.00,2.00,3.00
2024,Aceh,Kab. Aceh Tamiang,52.51,8.22,7.32,18.25,1.23,2.73,6.31,1.09,2.34
2024,Aceh,Kab. Bener Meriah,19.00,27.00,20.00,18.00,5.00,3.00,3.00,4.00,1.00
2024,Aceh,Kab. Pidie Jaya,20.00,27.00,14.00,26.00,2.50,3.00,3.00,2.50,2.00
2024,Aceh,Kota Banda Aceh,29.48,23.59,6.34,25.75,0.49,1.87,0.19,1.47,10.82
2024,Aceh,Kota Sabang,20.00,10.00,5.00,20.00,10.00,5.00,5.00,15.00,10.00
2024,Aceh,Kota Lhokseumawe,53.75,2.26,14.91,14.02,2.00,0.11,0.60,2.45,9.90
2024,Aceh,Kota Langsa,22.00,20.00,9.00,15.00,7.00,10.00,7.00,8.00,2.00
2024,Aceh,Kota Subulussalam,26.00,20.00,10.00,15.00,2.00,5.00,5.00,2.00,15.00
2024,Sumatera Utara,Kab. Nias,39.69,12.90,12.08,17.89,3.26,2.49,1.75,2.36,7.58
2024,Sumatera Utara,Kab. Langkat,38.00,30.00,24.00,7.00,0.20,0.20,0.10,0.10,0.10
2024,Sumatera Utara,Kab. Simalungun,5.50,1.93,15.44,45.46,0.37,7.70,4.50,8.60,10.50
2024,Sumatera Utara,Kab. Dairi,52.79,10.99,12.48,22.00,0.32,0.35,0.20,0.53,0.34
2024,Sumatera Utara,Kab. Pakpak Bharat,39.90,6.00,12.10,26.00,5.00,2.00,1.00,5.00,3.00
2024,Sumatera Utara,Kota Medan,,,,,,,,,
2024,Sumatera Barat,Kab. Pesisir Selatan,20.40,19.60,23.00,19.00,16.00,0.42,1.58,,
2024,Sumatera Barat,Kab. Solok,29.00,20.00,12.00,22.00,2.00,2.00,2.00,2.00,9.00
2024,Sumatera Barat,Kab. Tanah Datar,69.34,,8.63,6.00,2.24,1.57,,3.33,8.89
2024,Sumatera Barat,Kab. Padang Pariaman,31.82,0.46,12.78,43.77,,0.78,2.07,0.50,7.82
2024,Sumatera Barat,Kab. Agam,70.44,4.02,6.08,8.15,1.90,0.28,0.10,0.55,8.48
2024,Sumatera Barat,Kab. Lima Puluh Kota,,,,,,,,,
2024,Sumatera Barat,Kab. Solok Selatan,34.35,0.78,16.35,25.69,0.13,0.59,0.55,2.31,19.25
2024,Sumatera Barat,Kota Padang,63.00,6.64,6.00,12.40,0.16,3.00,1.50,2.40,4.90
2024,Sumatera Barat,Kota Solok,45.73,11.12,16.88,20.72,1.78,0.35,0.14,0.81,2.47
2024,Sumatera Barat,Kota Sawahlunto,46.00,10.00,11.00,14.00,3.00,5.00,4.00,5.00,2.00
2024,Sumatera Barat,Kota Padang Panjang,,,,,,,,,
2024,Sumatera Barat,Kota Bukittinggi,,,,,,,,,
2024,Sumatera Barat,Kota Payakumbuh,48.25,0.94,15.45,17.47,2.01,1.17,0.45,0.89,2.55
2024,Sumatera Barat,Kota Pariaman,,,,,,,,,
2024,Riau,Kab. Bengkalis,16.14,10.96,6.79,9.47,1.05,4.78,5.12,13.11,32.58
2024,Riau,Kab. Rokan Hulu,40.18,10.25,7.52,16.31,7.85,1.52,2.67,1.18,12.52
2024,Riau,Kab. Siak,39.00,15.00,10.00,26.00,1.00,2.00,2.00,3.00,2.00
2024,Riau,Kab. Kuantan Singingi,25.00,34.00,5.00,10.00,15.00,0.50,0.50,8.00,
2024,Riau,Kota Pekanbaru,,,,,,,,,
2024,Riau,Kota Dumai,48.97,7.50,5.30,8.95,2.27,3.72,2.50,2.79,18.00
2024,Jambi,Kab. Tebo,62.44,4.60,14.30,5.86,1.70,1.30,4.60,1.00,4.20
2024,Jambi,Kota Jambi,36.65,21.31,9.44,18.99,2.06,10.82,0.30,0.28,0.14
2024,Jambi,Kota Sungai Penuh,,,,,,,,,
2024,Sumatera Selatan,Kab. Ogan Komering Ulu,35.00,25.00,10.00,15.00,7.00,3.00,2.00,3.00,
2024,Sumatera Selatan,Kab. Muara Enim,61.02,8.07,7.38,17.18,1.14,1.33,0.36,0.31,3.21
2024,Sumatera Selatan,Kab. Lahat,60.00,10.10,2.00,14.00,1.74,5.50,0.26,0.90,5.50
2024,Sumatera Selatan,Kab. Musi Banyuasin,10.00,40.00,10.00,10.00,10.00,5.00,5.00,5.00,5.00
2024,Sumatera Selatan,Kab. Ogan Komering Ulu Timur,12.00,9.00,22.00,27.00,3.00,5.00,3.00,2.00,17.00
2024,Sumatera Selatan,Kab. Ogan Ilir,53.63,0.76,5.75,21.63,0.82,1.94,1.82,1.99,11.66
2024,Sumatera Selatan,Kab. Penukal Abab Lematang Ilir,54.33,1.26,10.86,21.70,0.37,2.12,0.53,1.68,7.15
2024,Sumatera Selatan,Kab. Musi Rawas Utara,42.00,6.00,11.00,16.00,5.00,5.00,8.00,4.00,3.00
2024,Sumatera Selatan,Kota Pagar Alam,41.91,11.41,6.17,23.51,2.20,4.61,2.70,1.20,6.29
2024,Sumatera Selatan,Kota Prabumulih,40.88,1.44,11.02,39.72,4.00,0.04,0.09,2.80,0.01
2024,Bengkulu,Kab. Bengkulu Utara,38.60,15.70,11.20,28.85,0.50,2.05,0.40,0.20,2.50
2024,Bengkulu,Kab. Seluma,78.00,7.00,5.00,2.00,0.50,3.00,,0.50,4.00
2024,Bengkulu,Kab. Lebong,64.45,8.58,8.56,12.84,0.20,0.89,1.60,0.73,2.10
2024,Bengkulu,Kab. Bengkulu Tengah,,,,,,,,,
2024,Bengkulu,Kota Bengkulu,65.00,3.00,13.00,11.00,1.00,1.00,1.00,1.00,4.00
2024,Lampung,Kab. Lampung Utara,,,,,,,,,
2024,Lampung,Kab. Tulang Bawang,69.00,15.00,5.00,5.00,,1.00,,,5.00
2024,Lampung,Kab. Tanggamus,51.00,25.00,3.00,12.00,4.00,1.00,1.00,3.00,
2024,Lampung,Kab. Lampung Timur,69.68,2.29,12.51,14.52,0.02,0.03,,0.05,0.90
2024,Lampung,Kab. Way Kanan,0.61,0.17,0.04,0.09,0.05,0.02,0.02,0.01,0.00
2024,Lampung,Kab. Pesawaran,33.00,18.00,10.00,17.00,12.00,2.00,7.00,0.50,0.50
2024,Lampung,Kab. Pringsewu,50.00,13.00,5.00,20.00,1.75,3.00,1.00,0.25,6.00
2024,Lampung,Kab. Pesisir Barat,42.50,19.20,9.50,21.10,0.60,2.00,0.90,1.20,3.00
2024,Kepulauan Bangka Belitung,Kab. Bangka,39.85,13.96,12.07,16.97,3.37,2.69,1.98,2.31,6.80
2024,Kepulauan Bangka Belitung,Kab. Bangka Tengah,41.90,8.50,3.80,14.30,3.90,4.90,,5.50,17.20
2024,Kepulauan Bangka Belitung,Kab. Bangka Barat,40.00,6.00,24.00,17.00,1.10,1.50,3.50,2.60,4.30
2024,Kepulauan Bangka Belitung,Kab. Belitung Timur,57.00,,5.00,17.00,2.00,2.00,2.00,1.00,14.00
2024,Kepulauan Riau,Kab. Bintan,,,,,,,,,
2024,Kepulauan Riau,Kab. Karimun,40.80,11.50,11.00,19.20,3.40,2.70,2.30,2.50,6.60
2024,Kepulauan Riau,Kab. Kepulauan Anambas,,,,,,,,,
2024,Kepulauan Riau,Kota Tanjung Pinang,59.05,0.22,9.72,28.11,0.32,0.10,1.05,1.43,
2024,DKI Jakarta,Kab. Adm. Kep. Seribu,,,,,,,,,
2024,DKI Jakarta,Kota Adm. Jakarta Pusat,,,,,,,,,
2024,DKI Jakarta,Kota Adm. Jakarta Utara,,,,,,,,,
2024,DKI Jakarta,Kota Adm. Jakarta Barat,,,,,,,,,
2024,DKI Jakarta,Kota Adm. Jakarta Selatan,49.87,3.18,17.24,22.95,1.08,0.90,0.70,1.48,2.60
2024,DKI Jakarta,Kota Adm. Jakarta Timur,,,,,,,,,
2024,Jawa Barat,Kab. Bogor,,,,,,,,,
2024,Jawa Barat,Kab. Cianjur,61.05,1.04,6.94,14.39,0.26,2.10,0.50,1.48,12.24
2024,Jawa Barat,Kab. Bandung,,,,,,,,,
2024,Jawa Barat,Kab. Garut,59.30,,6.30,20.50,1.00,2.60,,3.40,6.90
2024,Jawa Barat,Kab. Tasikmalaya,12.01,41.75,6.15,15.89,0.37,2.94,1.99,2.14,16.76
2024,Jawa Barat,Kab. Ciamis,38.00,0.40,16.00,20.00,10.00,4.00,1.00,10.20,0.40
2024,Jawa Barat,Kab. Cirebon,,,,,,,,,
2024,Jawa Barat,Kab. Sumedang,30.00,7.50,10.50,27.50,3.00,4.50,2.50,6.50,8.00
2024,Jawa Barat,Kab. Indramayu,27.58,33.22,8.47,13.78,0.16,1.49,0.21,1.30,13.79
2024,Jawa Barat,Kab. Purwakarta,59.03,0.21,7.53,16.65,1.44,1.01,0.85,1.23,12.05
2024,Jawa Barat,Kab. Karawang,43.80,,3.00,20.00,0.70,,,2.30,30.20
2024,Jawa Barat,Kab. Bekasi,,,,,,,,,
2024,Jawa Barat,Kota Bogor,40.00,14.00,20.00,15.00,1.00,2.50,0.50,1.00,6.00
2024,Jawa Barat,Kota Bandung,44.52,3.98,13.12,16.70,0.90,4.75,2.38,1.97,11.68
2024,Jawa Barat,Kota Cirebon,49.22,11.76,5.56,19.01,0.71,1.76,0.58,1.43,9.97
2024,Jawa Barat,Kota Cimahi,17.00,25.00,19.00,22.00,2.00,1.00,,1.00,13.00
2024,Jawa Barat,Kota Tasikmalaya,,,,,,,,,
2024,Jawa Tengah,Kab. Banyumas,36.00,6.00,6.00,30.00,9.00,5.00,3.00,5.00,
2024,Jawa Tengah,Kab. Banjarnegara,20.00,2.00,15.00,35.00,5.00,5.00,6.00,2.00,10.00
2024,Jawa Tengah,Kab. Wonosobo,60.93,10.50,13.57,8.11,2.50,1.00,0.31,0.74,2.34
2024,Jawa Tengah,Kab. Magelang,45.41,6.71,4.43,24.87,0.61,2.15,0.68,1.32,13.82
2024,Jawa Tengah,Kab. Boyolali,23.39,35.86,13.27,16.11,9.41,0.43,0.46,1.03,0.04
2024,Jawa Tengah,Kab. Sukoharjo,52.55,0.42,13.33,23.79,0.89,1.19,0.33,1.03,6.47
2024,Jawa Tengah,Kab. Sragen,74.30,0.80,8.90,11.20,0.50,1.80,0.30,1.80,0.40
2024,Jawa Tengah,Kab. Rembang,38.12,1.59,13.38,34.45,0.93,1.88,0.77,1.33,7.55
2024,Jawa Tengah,Kab. Pati,30.00,5.00,20.00,25.00,5.00,5.00,2.00,5.00,3.00
2024,Jawa Tengah,Kab. Kudus,30.65,24.89,10.08,13.02,5.24,5.43,3.62,5.77,1.30
2024,Jawa Tengah,Kab. Jepara,53.31,0.96,8.79,23.36,0.69,2.44,0.94,1.16,8.35
2024,Jawa Tengah,Kab. Demak,39.69,12.90,12.08,17.89,3.26,2.49,1.75,2.36,7.58
2024,Jawa Tengah,Kab. Semarang,61.56,11.58,4.25,18.53,0.27,0.18,,0.38,3.25
2024,Jawa Tengah,Kab. Kendal,,,,,,,,,
2024,Jawa Tengah,Kab. Brebes,5.00,50.00,5.00,25.00,4.00,4.00,1.00,1.00,5.00
2024,Jawa Tengah,Kota Magelang,54.28,13.13,13.26,10.89,5.56,0.02,0.02,2.32,0.51
2024,Jawa Tengah,Kota Surakarta,38.18,5.64,13.64,22.73,3.64,7.27,,,8.90
2024,Jawa Tengah,Kota Salatiga,15.00,12.00,24.60,12.91,12.30,6.16,2.00,7.52,7.51
2024,Jawa Tengah,Kota Semarang,60.80,,10.20,17.20,1.20,4.90,1.00,1.80,2.90
2024,Jawa Tengah,Kota Tegal,33.70,11.30,15.00,28.00,4.90,2.40,1.60,2.10,1.00
2024,Daerah Istimewa Yogyakarta,Kab. Kulon Progo,,,,,,,,,
2024,Daerah Istimewa Yogyakarta,Kab. Bantul,58.47,,12.27,26.26,0.22,1.47,0.27,0.80,0.24
2024,Daerah Istimewa Yogyakarta,Kab. Gunungkidul,54.05,,5.14,17.40,0.91,0.56,1.13,1.60,9.43
2024,Daerah Istimewa Yogyakarta,Kab. Sleman,46.49,,17.08,32.77,0.99,0.16,0.03,0.57,1.90
2024,Daerah Istimewa Yogyakarta,Kota Yogyakarta,46.45,0.25,17.40,31.05,0.55,1.05,0.60,1.05,1.60
2024,Jawa Timur,Kab. Pacitan,68.20,2.90,8.20,17.20,0.30,0.20,0.30,0.50,2.20
2024,Jawa Timur,Kab. Trenggalek,45.00,12.00,13.00,21.00,2.00,1.00,3.00,1.00,2.00
2024,Jawa Timur,Kab. Tulungagung,18.17,44.81,12.60,17.30,1.30,0.60,0.92,0.60,3.70
2024,Jawa Timur,Kab. Blitar,40.00,15.00,10.55,15.00,0.90,1.94,0.52,0.92,15.17
2024,Jawa Timur,Kab. Jember,55.00,10.00,4.00,25.00,2.00,1.00,2.00,1.00,
2024,Jawa Timur,Kab. Banyuwangi,51.99,9.29,6.99,16.06,1.91,1.87,,1.82,10.07
2024,Jawa Timur,Kab. Bondowoso,35.04,16.97,16.79,19.44,0.50,2.44,0.80,2.77,5.25
2024,Jawa Timur,Kab. Situbondo,40.80,16.30,18.20,22.89,0.91,0.40,0.15,0.15,0.20
2024,Jawa Timur,Kab. Probolinggo,40.02,12.25,15.40,17.21,0.45,5.15,1.77,2.08,5.67
2024,Jawa Timur,Kab. Sidoarjo,,,,,,,,,
2024,Jawa Timur,Kab. Mojokerto,47.88,1.91,19.54,21.07,0.53,0.47,0.17,0.24,8.19
2024,Jawa Timur,Kab. Jombang,49.00,12.00,8.00,15.00,1.80,5.00,1.60,1.60,6.00
2024,Jawa Timur,Kab. Madiun,39.80,11.30,13.30,19.70,5.34,2.65,2.02,4.91,0.98
2024,Jawa Timur,Kab. Magetan,36.28,25.01,8.22,14.25,0.31,1.35,2.81,3.22,8.55
2024,Jawa Timur,Kab. Ngawi,59.47,6.92,11.17,10.71,1.77,0.81,1.61,1.33,6.21
2024,Jawa Timur,Kab. Tuban,58.52,15.32,5.78,11.02,0.17,1.62,0.10,1.33,6.14
2024,Jawa Timur,Kab. Lamongan,30.00,12.00,9.00,18.00,8.00,2.00,2.00,1.00,18.00
2024,Jawa Timur,Kab. Pamekasan,55.00,4.00,7.00,13.00,3.00,5.00,2.00,2.00,9.00
2024,Jawa Timur,Kab. Sumenep,58.62,1.08,20.83,17.33,,0.91,0.26,0.57,0.40
2024,Jawa Timur,Kota Blitar,42.40,13.20,8.56,16.50,3.80,2.60,2.85,2.94,7.15
2024,Jawa Timur,Kota Malang,,,,,,,,,
2024,Jawa Timur,Kota Probolinggo,6.58,39.16,8.08,10.89,6.33,6.86,6.41,7.93,7.76
2024,Jawa Timur,Kota Pasuruan,,,,,,,,,
2024,Jawa Timur,Kota Madiun,59.07,0.60,9.40,16.90,0.62,2.00,0.50,0.80,10.10
2024,Jawa Timur,Kota Surabaya,55.48,2.25,3.05,22.01,0.25,5.75,1.35,0.50,9.36
2024,Jawa Timur,Kota Batu,53.55,5.17,8.38,23.97,0.28,2.87,0.53,0.63,4.62
2024,Banten,Kab. Lebak,30.00,12.00,10.00,15.00,8.00,5.00,5.00,10.00,5.00
2024,Banten,Kab. Serang,,,,,,,,,
2024,Banten,Kota Tangerang,57.65,0.44,13.18,19.66,1.07,2.32,0.80,0.37,4.51
2024,Banten,Kota Cilegon,46.53,2.04,14.21,19.46,1.35,1.85,1.71,1.86,10.99
2024,Banten,Kota Serang,67.15,4.68,7.35,20.21,0.32,0.10,0.12,0.04,0.03
2024,Banten,Kota Tangerang Selatan,45.23,16.32,9.13,15.27,0.28,1.47,,0.15,12.15
2024,Bali,Kab. Jembrana,27.37,47.94,0.84,19.04,0.71,0.03,3.13,0.61,0.33
2024,Bali,Kab. Badung,16.00,33.90,11.10,28.40,2.60,2.10,0.67,0.90,4.33
2024,Bali,Kab. Gianyar,16.97,1.08,8.25,18.93,0.60,3.63,1.17,1.13,1.00
2024,Bali,Kab. Klungkung,29.00,41.00,3.00,16.00,1.00,1.00,1.00,1.00,7.00
2024,Bali,Kab. Bangli,27.70,45.10,5.30,10.32,6.70,0.06,1.02,2.60,1.20
2024,Bali,Kab. Karangasem,60.00,9.00,18.00,8.00,1.00,1.00,1.00,1.00,1.00
2024,Bali,Kab. Buleleng,4.00,68.41,6.69,14.69,0.23,1.79,0.52,0.77,2.90
2024,Bali,Kota Denpasar,27.20,41.12,8.68,11.90,3.16,1.04,3.16,2.04,1.70
2024,Nusa Tenggara Barat,Kab. Lombok Barat,22.50,19.60,20.30,5.60,9.70,3.50,6.30,3.50,9.00
2024,Nusa Tenggara Barat,Kab. Lombok Tengah,50.00,12.00,9.00,20.00,5.00,1.00,1.00,2.00,
2024,Nusa Tenggara Barat,Kab. Lombok Timur,39.00,20.00,3.50,19.00,7.00,4.00,3.00,4.00,0.50
2024,Nusa Tenggara Barat,Kab. Sumbawa,38.21,8.18,12.19,20.34,2.36,0.51,0.68,4.28,13.25
2024,Nusa Tenggara Barat,Kab. Sumbawa Barat,16.00,30.00,7.00,45.00,2.00,,,,
2024,Nusa Tenggara Barat,Kab. Lombok Utara,60.00,5.00,5.00,15.00,5.00,2.00,2.00,2.00,4.00
2024,Nusa Tenggara Timur,Kab. Kupang,44.00,21.00,6.00,12.00,2.00,6.00,3.00,1.00,5.00
2024,Nusa Tenggara Timur,Kab. Timor Tengah Utara,20.00,40.00,10.00,25.00,5.00,,,,
2024,Nusa Tenggara Timur,Kab. Flores Timur,22.03,50.00,5.58,18.01,2.02,0.02,1.01,1.00,0.33
2024,Nusa Tenggara Timur,Kab. Ngada,10.00,10.00,20.00,25.00,10.00,10.00,5.00,5.00,5.00
2024,Nusa Tenggara Timur,Kab. Manggarai,10.00,17.00,12.00,26.00,3.00,3.00,2.00,7.00,20.00
2024,Nusa Tenggara Timur,Kab. Sumba Timur,10.00,15.00,5.00,50.00,5.00,2.00,3.00,5.00,5.00
2024,Nusa Tenggara Timur,Kab. Lembata,30.00,15.00,10.00,25.00,3.00,4.00,1.00,3.00,9.00
2024,Nusa Tenggara Timur,Kab. Rote Ndao,20.00,20.00,10.00,40.00,2.00,2.00,1.00,1.00,4.00
2024,Nusa Tenggara Timur,Kab. Manggarai Barat,35.00,13.00,10.00,29.00,5.00,1.00,3.00,4.00,
2024,Nusa Tenggara Timur,Kab. Nagekeo,15.86,11.46,22.16,26.31,5.29,6.17,2.96,5.56,4.23
2024,Nusa Tenggara Timur,Kab. Sumba Tengah,33.00,26.00,11.00,19.00,1.00,2.00,1.00,1.00,6.00
2024,Nusa Tenggara Timur,Kab. Sumba Barat Daya,25.00,20.00,5.00,20.00,5.00,7.00,5.00,5.00,8.00
2024,Nusa Tenggara Timur,Kab. Malaka,35.43,28.93,10.01,12.93,0.54,2.37,1.97,0.39,7.43
2024,Nusa Tenggara Timur,Kota Kupang,29.00,17.00,13.00,19.50,4.25,3.00,2.80,3.30,8.15
2024,Kalimantan Barat,Kab. Mempawah,40.25,12.93,11.33,18.07,3.05,2.59,2.14,2.21,7.43
2024,Kalimantan Barat,Kab. Sanggau,,,,,,,,,
2024,Kalimantan Barat,Kab. Ketapang,,,,,,,,,
2024,Kalimantan Barat,Kab. Kapuas Hulu,44.77,1.32,12.80,28.62,2.20,1.51,2.56,2.29,3.93
2024,Kalimantan Barat,Kab. Bengkayang,,,,,,,,,
2024,Kalimantan Barat,Kab. Landak,35.00,2.00,20.00,28.00,2.00,,,7.00,6.00
2024,Kalimantan Barat,Kab. Melawi,38.39,0.28,12.99,46.20,0.08,0.38,0.02,0.06,1.60
2024,Kalimantan Barat,Kab. Kayong Utara,40.70,11.60,11.00,19.20,,,,,6.60
2024,Kalimantan Barat,Kab. Kubu Raya,,,,,,,,,
2024,Kalimantan Barat,Kota Pontianak,,,,,,,,,
2024,Kalimantan Barat,Kota Singkawang,76.00,,8.40,7.80,3.60,,,,4.20
2024,Kalimantan Tengah,Kab. Kotawaringin Barat,51.00,8.00,13.00,10.00,2.00,2.00,2.00,1.00,11.00
2024,Kalimantan Tengah,Kab. Kotawaringin Timur,,,,,,,,,
2024,Kalimantan Tengah,Kab. Kapuas,30.38,12.84,13.06,20.79,14.92,2.00,,1.91,4.10
2024,Kalimantan Tengah,Kab. Barito Selatan,47.00,10.00,9.00,24.00,5.00,1.00,2.00,1.00,1.00
2024,Kalimantan Tengah,Kab. Barito Utara,34.00,12.00,10.00,20.00,5.00,5.00,2.00,2.00,10.00
2024,Kalimantan Tengah,Kab. Seruyan,30.00,15.00,10.50,25.00,2.00,1.50,5.00,2.50,8.50
2024,Kalimantan Tengah,Kab. Sukamara,52.00,4.00,15.00,15.00,7.00,1.00,,4.00,2.00
2024,Kalimantan Tengah,Kab. Gunung Mas,16.00,10.00,15.00,50.00,5.00,0.50,2.00,1.00,0.50
2024,Kalimantan Tengah,Kab. Pulang Pisau,23.51,26.74,13.31,25.13,3.19,2.41,0.83,1.79,3.09
2024,Kalimantan Tengah,Kab. Murung Raya,,,,,,,,,
2024,Kalimantan Tengah,Kab. Barito Timur,32.00,9.00,7.00,37.00,1.00,5.00,6.50,1.20,1.30
2024,Kalimantan Tengah,Kota Palangkaraya,41.80,4.33,8.66,19.74,2.31,2.36,2.18,2.04,16.58
2024,Kalimantan Selatan,Kab. Tanah Laut,43.50,17.00,9.50,14.00,3.00,4.00,5.00,2.00,2.00
2024,Kalimantan Selatan,Kab. Kotabaru,68.00,0.70,12.50,12.40,0.90,0.40,0.40,1.10,3.60
2024,Kalimantan Selatan,Kab. Banjar,22.00,3.00,20.00,30.00,,,,,25.00
2024,Kalimantan Selatan,Kab. Barito Kuala,59.50,9.50,10.50,12.00,3.10,1.90,0.50,2.00,1.00
2024,Kalimantan Selatan,Kab. Tapin,,,,,,,,,
2024,Kalimantan Selatan,Kab. Hulu Sungai Selatan,55.18,1.48,13.13,25.35,2.90,0.46,0.90,0.40,0.20
2024,Kalimantan Selatan,Kab. Hulu Sungai Tengah,,,,,,,,,
2024,Kalimantan Selatan,Kab. Hulu Sungai Utara,48.59,8.12,8.45,12.60,0.85,0.30,1.00,6.60,13.49
2024,Kalimantan Selatan,Kab. Tabalong,36.00,2.00,17.00,24.00,1.00,3.00,1.00,3.00,13.00
2024,Kalimantan Selatan,Kab. Tanah Bumbu,64.04,4.23,3.20,12.30,2.10,2.20,1.24,2.23,8.46
2024,Kalimantan Selatan,Kab. Balangan,60.62,7.36,10.43,15.84,2.01,1.53,0.98,0.20,1.03
2024,Kalimantan Selatan,Kota Banjarmasin,1.07,0.18,30.48,6.56,25.95,0.04,0.01,3.36,1.24
2024,Kalimantan Selatan,Kota Banjarbaru,50.17,5.10,18.00,23.90,0.80,0.30,0.43,0.10,1.20
2024,Kalimantan Timur,Kab. Paser,46.12,10.68,7.32,14.63,0.61,1.45,0.29,1.39,17.51
2024,Kalimantan Timur,Kab. Kutai Kartanegara,34.58,24.72,13.89,16.81,0.96,1.26,0.25,0.86,6.67
2024,Kalimantan Timur,Kab. Berau,55.39,1.28,3.74,26.47,9.63,0.20,0.20,0.99,2.10
2024,Kalimantan Timur,Kab. Kutai Barat,42.00,1.00,35.00,22.00,,,,,
2024,Kalimantan Timur,Kab. Kutai Timur,,,,,,,,,
2024,Kalimantan Timur,Kab. Penajam Paser Utara,46.13,1.09,20.87,29.83,0.22,0.02,0.67,0.83,0.34
2024,Kalimantan Timur,Kab. Mahakam Ulu,59.00,5.00,12.00,20.00,1.00,1.00,0.50,1.00,0.50
2024,Kalimantan Timur,Kota Balikpapan,42.30,6.36,10.26,7.20,3.87,2.94,0.98,6.56,19.53
2024,Kalimantan Timur,Kota Samarinda,52.88,8.55,11.41,12.94,0.35,0.90,0.33,0.71,11.93
2024,Kalimantan Timur,Kota Bontang,44.12,6.00,27.50,18.00,2.10,0.03,0.25,1.05,0.95
2024,Kalimantan Utara,Kab. Bulungan,,,,,,,,,
2024,Kalimantan Utara,Kab. Nunukan,52.38,1.77,11.81,12.57,3.00,4.23,1.08,1.68,11.48
2024,Kalimantan Utara,Kab. Tana Tidung,,,,,,,,,
2024,Sulawesi Utara,Kab. Bolaang Mongondow,49.98,14.52,8.50,10.80,4.05,3.33,2.90,2.32,3.60
2024,Sulawesi Utara,Kab. Minahasa,,,,,,,,,
2024,Sulawesi Utara,Kab. Kepulauan Sangihe,51.63,11.95,5.20,20.55,2.46,0.50,3.30,1.00,3.41
2024,Sulawesi Utara,Kab. Kepulauan Talaud,40.58,9.00,5.20,32.50,0.30,0.30,2.00,1.70,8.42
2024,Sulawesi Utara,Kab. Minahasa Selatan,20.00,12.00,12.00,36.00,4.00,4.00,5.00,2.00,5.00
2024,Sulawesi Utara,Kab. Minahasa Utara,45.20,12.10,13.40,18.45,1.90,2.15,2.65,2.60,1.55
2024,Sulawesi Utara,Kab. Minahasa Tenggara,34.48,6.90,13.79,3.45,6.90,10.34,3.45,3.45,17.24
2024,Sulawesi Utara,Kab. Bolaang Mongondow Utara,30.00,25.00,5.00,30.00,1.00,5.00,,4.00,
2024,Sulawesi Utara,Kab. Kep. Siau Tagulandang Biaro,40.00,5.00,10.00,30.00,5.00,5.00,5.00,,
2024,Sulawesi Utara,Kab. Bolaang Mongondow Timur,49.98,14.52,8.50,10.80,4.05,3.33,2.90,2.32,3.60
2024,Sulawesi Utara,Kab. Bolaang Mongondow Selatan,21.00,22.00,10.00,10.00,5.00,6.00,5.00,5.00,16.00
2024,Sulawesi Utara,Kota Manado,47.70,1.14,18.66,19.48,0.26,1.54,1.49,1.85,7.88
2024,Sulawesi Utara,Kota Bitung,50.20,2.05,16.03,15.07,0.36,1.48,1.37,1.83,11.61
2024,Sulawesi Utara,Kota Tomohon,,,,,,,,,
2024,Sulawesi Utara,Kota Kotamobagu,53.50,5.00,11.80,8.50,5.70,3.60,2.60,2.80,6.50
2024,Sulawesi Tengah,Kab. Morowali,2.20,3.00,2.50,8.88,3.10,1.50,2.00,0.20,3.00
2024,Sulawesi Tengah,Kab. Banggai Kepulauan,15.00,20.00,13.00,15.00,8.00,3.00,5.00,6.00,15.00
2024,Sulawesi Tengah,Kab. Parigi Moutong,,,,,,,,,
2024,Sulawesi Tengah,Kab. Banggai Laut,0.00,0.00,0.00,0.00,0.00,0.00,0.00,0.00,0.00
2024,Sulawesi Tengah,Kab. Morowali Utara,,,,,,,,,
2024,Sulawesi Tengah,Kota Palu,70.96,0.77,9.44,10.43,1.90,1.06,0.60,0.59,4.25
2024,Sulawesi Selatan,Kab. Kepulauan Selayar,,,,,,,,,
2024,Sulawesi Selatan,Kab. Bulukumba,29.30,30.21,9.23,18.26,4.38,2.71,3.76,2.15,
2024,Sulawesi Selatan,Kab. Bantaeng,30.13,27.50,11.00,14.00,1.24,3.00,2.00,1.13,10.00
2024,Sulawesi Selatan,Kab. Bone,39.30,13.10,11.50,19.20,3.40,2.30,2.00,2.00,7.20
2024,Sulawesi Selatan,Kab. Maros,,,,,,,,,
2024,Sulawesi Selatan,Kab. Pangkajene dan Kepulauan,63.13,10.83,8.99,7.29,6.50,0.72,0.19,1.55,0.80
2024,Sulawesi Selatan,Kab. Barru,61.80,8.00,6.20,15.70,1.80,1.00,1.00,1.00,3.50
2024,Sulawesi Selatan,Kab. Soppeng,53.00,7.00,14.00,20.00,2.20,0.70,2.00,0.30,0.80
2024,Sulawesi Selatan,Kab. Sidenreng Rappang,41.40,13.20,10.90,18.50,3.00,2.60,2.00,2.00,6.40
2024,Sulawesi Selatan,Kab. Pinrang,,,,,,,,,
2024,Sulawesi Selatan,Kab. Tana Toraja,,,,,,,,,
2024,Sulawesi Selatan,Kab. Luwu Utara,65.00,10.00,9.00,2.00,1.00,1.00,1.00,1.00,10.00
2024,Sulawesi Selatan,Kab. Luwu Timur,40.00,10.00,25.00,15.00,3.00,1.50,2.00,2.00,1.50
2024,Sulawesi Selatan,Kab. Toraja Utara,,,,,,,,,
2024,Sulawesi Selatan,Kota Makassar,,,21.00,25.00,6.00,,2.00,3.00,3.00
2024,Sulawesi Selatan,Kota Parepare,52.20,11.60,11.80,12.20,2.70,1.90,2.25,2.65,2.70
2024,Sulawesi Selatan,Kota Palopo,40.00,12.00,15.00,22.00,3.00,1.00,1.00,2.00,4.00
2024,Sulawesi Tenggara,Kab. Kolaka,65.00,5.00,10.00,10.00,5.00,1.00,1.00,2.00,1.00
2024,Sulawesi Tenggara,Kab. Muna,47.00,9.00,12.00,23.00,2.00,2.00,2.00,2.00,1.00
2024,Sulawesi Tenggara,Kab. Konawe Utara,,,,,,,,,
2024,Sulawesi Tenggara,Kab. Kolaka Timur,30.00,20.00,10.00,25.00,1.00,3.00,8.00,2.00,1.00
2024,Sulawesi Tenggara,Kab. Buton Selatan,65.83,3.36,4.52,12.48,1.44,3.79,1.95,1.89,4.74
2024,Sulawesi Tenggara,Kota Kendari,52.19,12.69,9.36,12.16,1.55,1.30,1.65,1.87,7.23
2024,Sulawesi Tenggara,Kota Bau Bau,0.48,6.21,4.62,14.59,4.12,,,,69.98
2024,Gorontalo,Kab. Bone Bolango,19.00,8.00,16.00,28.00,20.00,2.00,7.00,,
2024,Gorontalo,Kota Gorontalo,,,,,,,,,
2024,Sulawesi Barat,Kab. Pasangkayu,30.00,12.00,20.00,15.00,7.00,8.00,5.00,1.10,
2024,Sulawesi Barat,Kab. Mamuju,,,,,,,,,
2024,Sulawesi Barat,Kab. Majene,,,,,,,,,
2024,Maluku,Kab. Buru,,,,,,,,,
2024,Maluku,Kab. Seram Bagian Barat,,,,,,,,,
2024,Maluku,Kota Ambon,,,,,,,,,
2024,Maluku,Kota Tual,,,,,,,,,
2024,Maluku Utara,Kab. Halmahera Tengah,,,,,,,,,
2024,Maluku Utara,Kab. Halmahera Selatan,,,,,,,,,
2024,Maluku Utara,Kab. Kepulauan Sula,,,,,,,,,
2024,Maluku Utara,Kab. Halmahera Timur,,,,,,,,,
2024,Maluku Utara,Kab. Pulau Morotai,,,,,,,,,
2024,Maluku Utara,Kab. Pulau Taliabu,,,,,,,,,
2024,Papua,Kab. Jayapura,35.00,2.00,24.00,29.31,4.33,0.50,1.06,0.80,3.00
2024,Papua,Kab. Kepulauan Yapen,,,,,,,,,
2024,Papua,Kab. Biak Numfor,13.00,8.00,7.50,15.00,25.00,6.50,9.50,10.00,5.50
2024,Papua,Kab. Sarmi,,,,,,,,,
2024,Papua Barat,Kab. Manokwari,44.00,2.00,11.00,26.00,,,,,17.00
2024,Papua Barat,Kab. Fak Fak,,,,,,,,,
2024,Papua Barat,Kab. Teluk Wondama,15.00,,15.00,26.00,,,,,44.00
2024,Papua Barat,Kab. Kaimana,20.00,10.00,10.00,30.00,15.00,5.00,2.00,3.00,5.00
2024,Papua Selatan,Kab. Boven Digoel,5.00,5.00,20.00,60.00,2.00,1.00,1.00,2.00,4.00
2024,Papua Selatan,Kab. Asmat,20.00,11.80,15.00,40.00,4.00,2.40,3.00,1.80,2.00
2024,Papua Tengah,Kab. Nabire,23.00,10.00,8.00,27.00,6.00,5.00,5.00,7.00,9.00
2024,Papua Tengah,Kab. Mimika,0.01,0.02,0.01,0.02,0.01,,,,0.93
2024,Papua Tengah,Kab. Dogiyai,10.00,60.00,3.00,15.00,5.00,1.00,0.20,0.20,
2024,Papua Pegunungan,Kab. Jayawijaya,,,,,,,,,
2024,Papua Barat Daya,Kab. Sorong,,,,,,,,,
2024,Papua Barat Daya,Kab. Sorong Selatan,,,,,,,,,
2024,Papua Barat Daya,Kab. Raja Ampat,11.00,9.00,21.00,25.00,15.00,7.00,3.00,7.00,2.00
