Tahun,Provinsi,Kabupaten/Kota,Timbulan Sampah Tahunan (ton/tahun)(A),Pengurangan Sampah Tahunan (ton/tahun)(B),%Pengurangan Sampah(B/A),Penanganan Sampah Tahunan (ton/tahun)(C),%Penanganan Sampah(C/A),Sampah Terkelola Tahunan (ton/tahun)(B+C),%Sampah Terkelola(B+C)/A,Daur ulang Sampah Tahunan (ton/tahun)(D),Bahan baku Sampah Tahunan (ton/tahun)(E),Recycling Rate(D+E)/A,P1/P2
2024,Aceh,Kab. Aceh Selatan,"34,527.10",7.67,0.02,"12,775.00",37,"12,782.67",37.02,0,,0,P 1
2024,Aceh,Kab. Aceh Tenggara,"54,634.66",25.55,0.05,"8,413.25",15.4,"8,438.80",15.45,,365,0.67,P 1
2024,Aceh,Kab. Aceh Timur,"66,389.56","1,066.26",1.61,"28,477.30",42.89,"29,543.56",44.5,857.75,,1.29,P 1
2024,Aceh,Kab. Aceh Tengah,"41,273.39","1,095.00",2.65,"22,995.00",55.71,"24,090.00",58.37,"1,095.00",,2.65,P 1
2024,Aceh,Kab. Aceh Barat,"37,432.21","1,537.49",4.11,"28,415.25",75.91,"29,952.74",80.02,"1,423.50",,3.8,P 1
2024,Aceh,Kab. Aceh Besar,"54,434.93","1,322.81",2.43,"36,317.50",66.72,"37,640.31",69.15,"1,198.44",,2.2,P 1
2024,Aceh,Kab. Pidie,"65,420.41",,,"14,783.50",22.6,"14,783.50",22.6,,,0,P 1
2024,Aceh,Kab. Aceh Utara,"112,171.80","1,225.32",1.09,"18,067.50",16.11,"19,292.82",17.2,"1,212.68",,1.08,P 1
2024,Aceh,Kab. Simeulue,"16,673.93",767.7,4.6,"6,577.30",39.45,"7,345.00",44.05,767.7,,4.6,P 1
2024,Aceh,Kab. Aceh Singkil,"20,039.08",797.53,3.98,"2,555.00",12.75,"3,352.53",16.73,797.53,,3.98,P 1
2024,Aceh,Kab. Bireuen,"59,046.49","10,113.35",17.13,"27,615.90",46.77,"37,729.25",63.9,"10,113.35",,17.13,P 1
2024,Aceh,Kab. Aceh Barat Daya,"29,210.59","2,141.46",7.33,"6,935.00",23.74,"9,076.46",31.07,"2,140.73",,7.33,P 1
2024,Aceh,Kab. Gayo Lues,"15,308.98",458.07,2.99,"10,950.00",71.53,"11,408.07",74.52,456.25,,2.98,P 1
2024,Aceh,Kab. Aceh Jaya,"18,373.01",322.66,1.76,"11,639.85",63.35,"11,962.51",65.11,322.66,,1.76,P 1
2024,Aceh,Kab. Nagan Raya,"25,763.31","4,479.37",17.39,"12,942.90",50.24,"17,422.27",67.62,"4,386.57",,17.03,P 1
2024,Aceh,Kab. Aceh Tamiang,"45,127.58","1,978.09",4.38,"9,409.70",20.85,"11,387.79",25.23,"1,885.92",0,4.18,P 1
2024,Aceh,Kab. Bener Meriah,"23,371.68",18.61,0.08,"14,600.00",62.47,"14,618.61",62.55,1.83,,0.01,P 1
2024,Aceh,Kab. Pidie Jaya,"30,143.46",0,0,"5,840.00",19.37,"5,840.00",19.37,,,0,P 1
2024,Aceh,Kota Banda Aceh,"94,679.61","15,501.03",16.37,"76,476.51",80.77,"91,977.55",97.15,"15,383.05",,16.25,P 1
2024,Aceh,Kota Sabang,"6,354.94",0,0,"4,657.40",73.29,"4,657.40",73.29,,,0,P 1
2024,Aceh,Kota Lhokseumawe,"36,509.25",401.5,1.1,"28,105.00",76.98,"28,506.50",78.08,401.5,,1.1,P 1
2024,Aceh,Kota Langsa,"35,538.23","3,244.97",9.13,"25,452.55",71.62,"28,697.51",80.75,283.92,734.38,2.87,P 1
2024,Aceh,Kota Subulussalam,"17,843.03",91.25,0.51,"12,775.00",71.6,"12,866.25",72.11,91.25,,0.51,P 1
2024,Sumatera Utara,Kab. Nias,"21,446.67",3.65,0.02,,,3.65,0.02,3.65,,0.02,P 1
2024,Sumatera Utara,Kab. Langkat,"194,674.76","1,272.02",0.65,"32,587.56",16.74,"33,859.58",17.39,"1,272.02",204.4,0.76,P 1
2024,Sumatera Utara,Kab. Simalungun,"189,055.40",573.05,0.3,"49,289.60",26.07,"49,862.65",26.37,124.1,14.6,0.07,P 1
2024,Sumatera Utara,Kab. Dairi,"48,265.41",0,0,"9,709.00",20.12,"9,709.00",20.12,,73,0.15,P 1
2024,Sumatera Utara,Kab. Pakpak Bharat,"8,055.11",56.37,0.7,"3,387.20",42.05,"3,443.57",42.75,27.33,,0.34,P 1
2024,Sumatera Utara,Kota Medan,"632,149.41","95,451.46",15.1,"506,479.12",80.12,"601,930.58",95.22,"93,545.46",,14.8,P 1
2024,Sumatera Barat,Kab. Pesisir Selatan,"57,526.37","10,681.27",18.57,"13,440.76",23.36,"24,122.03",41.93,"7,444.07",227.76,13.34,P 1
2024,Sumatera Barat,Kab. Solok,"59,233.95","7,925.63",13.38,"8,526.40",14.39,"16,452.03",27.77,"7,351.55",,12.41,P 1
2024,Sumatera Barat,Kab. Tanah Datar,"47,943.05","9,799.76",20.44,"17,255.01",35.99,"27,054.77",56.43,"9,580.28",587.65,21.21,P 1
2024,Sumatera Barat,Kab. Padang Pariaman,"83,798.34","1,172.32",1.4,"19,031.10",22.71,"20,203.42",24.11,431.59,,0.52,P 1
2024,Sumatera Barat,Kab. Agam,"78,067.22","11,501.06",14.73,"24,633.85",31.55,"36,134.91",46.29,"11,391.71",,14.59,P 1
2024,Sumatera Barat,Kab. Lima Puluh Kota,"58,558.56","10,873.94",18.57,"3,650.00",6.23,"14,523.94",24.8,"10,786.08",,18.42,P 1
2024,Sumatera Barat,Kab. Solok Selatan,"27,964.84","3,973.57",14.21,"4,354.45",15.57,"8,328.02",29.78,"3,685.41",,13.18,P 1
2024,Sumatera Barat,Kota Padang,"240,920.66","52,792.47",21.91,"179,813.60",74.64,"232,606.07",96.55,"36,084.30",233.6,15.07,P 1
2024,Sumatera Barat,Kota Solok,"21,438.24","2,394.02",11.17,"18,958.10",88.43,"21,352.12",99.6,"2,299.13",88.33,11.14,P 1
2024,Sumatera Barat,Kota Sawahlunto,"6,988.44","1,829.74",26.18,"5,102.70",73.02,"6,932.44",99.2,"1,462.87",21.9,21.25,P 1
2024,Sumatera Barat,Kota Padang Panjang,"18,317.45","3,047.41",16.64,"15,142.08",82.66,"18,189.49",99.3,"2,032.81",,11.1,P 1
2024,Sumatera Barat,Kota Bukittinggi,"48,542.31","6,448.91",13.29,"38,971.05",80.28,"45,419.96",93.57,"4,918.30","2,518.50",15.32,P 1
2024,Sumatera Barat,Kota Payakumbuh,"34,285.94","5,277.89",15.39,"27,188.85",79.3,"32,466.74",94.69,"5,227.11",,15.25,P 1
2024,Sumatera Barat,Kota Pariaman,"14,845.28","1,599.18",10.77,"11,169.00",75.24,"12,768.18",86.01,"1,599.18",,10.77,P 1
2024,Riau,Kab. Bengkalis,"95,314.82","9,753.48",10.23,"64,718.86",67.9,"74,472.34",78.13,"9,471.20",50.92,9.99,P 1
2024,Riau,Kab. Rokan Hulu,"103,202.06","7,203.04",6.98,"22,841.70",22.13,"30,044.74",29.11,"7,063.76",,6.84,P 1
2024,Riau,Kab. Siak,"70,104.67","10,130.89",14.45,"30,035.85",42.84,"40,166.74",57.3,"9,694.83",73,13.93,P 1
2024,Riau,Kab. Kuantan Singingi,"52,644.83","7,749.88",14.72,"13,118.28",24.92,"20,868.17",39.64,"7,663.98",51.28,14.66,P 1
2024,Riau,Kota Pekanbaru,"369,019.82","11,970.19",3.24,"233,377.36",63.24,"245,347.54",66.49,"10,996.86",,2.98,P 1
2024,Riau,Kota Dumai,"62,696.60","7,262.13",11.58,"42,705.00",68.11,"49,967.13",79.7,"7,248.54",,11.56,P 1
2024,Jambi,Kab. Tebo,"52,990.12","1,272.26",2.4,"11,621.60",21.93,"12,893.86",24.33,"1,269.83",,2.4,P 1
2024,Jambi,Kota Jambi,"161,897.58","20,245.46",12.51,"119,721.46",73.95,"139,966.92",86.45,"19,098.76",,11.8,P 1
2024,Jambi,Kota Sungai Penuh,"18,563.17","1,677.01",9.03,"13,140.00",70.79,"14,817.01",79.82,"1,665.86",,8.97,P 1
2024,Sumatera Selatan,Kab. Ogan Komering Ulu,"55,478.83","12,479.45",22.49,"20,805.00",37.5,"33,284.45",59.99,"11,718.06",,21.12,P 1
2024,Sumatera Selatan,Kab. Muara Enim,"85,838.07","19,353.54",22.55,"30,112.50",35.08,"49,466.04",57.63,"19,344.87",,22.54,P 1
2024,Sumatera Selatan,Kab. Lahat,"99,542.14","9,131.12",9.17,"28,656.78",28.79,"37,787.90",37.96,"9,131.12",135.68,9.31,P 1
2024,Sumatera Selatan,Kab. Musi Banyuasin,"103,264.34","24,413.83",23.64,"21,005.75",20.34,"45,419.58",43.98,"22,309.50",,21.6,P 1
2024,Sumatera Selatan,Kab. Ogan Komering Ulu Timur,"103,250.47","2,611.82",2.53,"47,033.90",45.55,"49,645.72",48.08,"1,832.41",,1.77,P 1
2024,Sumatera Selatan,Kab. Ogan Ilir,"64,162.47",15.32,0.02,"23,827.20",37.14,"23,842.52",37.16,12.78,,0.02,P 1
2024,Sumatera Selatan,Kab. Penukal Abab Lematang Ilir,"38,730.15",945.26,2.44,"13,651.00",35.25,"14,596.26",37.69,921.53,,2.38,P 1
2024,Sumatera Selatan,Kab. Musi Rawas Utara,"28,398.02",98.55,0.35,"17,885.00",62.98,"17,983.55",63.33,98.55,,0.35,P 1
2024,Sumatera Selatan,Kota Pagar Alam,"26,980.07",112.38,0.42,"16,277.54",60.33,"16,389.92",60.75,109.5,,0.41,P 1
2024,Sumatera Selatan,Kota Prabumulih,"37,104.08","7,813.15",21.06,"23,907.50",64.43,"31,720.65",85.49,"7,331.18",,19.76,P 1
2024,Bengkulu,Kab. Bengkulu Utara,"67,563.03","5,867.76",8.68,"5,475.00",8.1,"11,342.76",16.79,"5,866.90",456.25,9.36,P 1
2024,Bengkulu,Kab. Seluma,"39,238.60",,,"1,914.06",4.88,"1,914.06",4.88,,,0,P 1
2024,Bengkulu,Kab. Lebong,"16,665.32",576.07,3.46,"4,380.00",26.28,"4,956.07",29.74,547.5,,3.29,P 1
2024,Bengkulu,Kab. Bengkulu Tengah,"22,107.87",327.59,1.48,"3,703.92",16.75,"4,031.51",18.24,321.02,,1.45,P 1
2024,Bengkulu,Kota Bengkulu,"99,645.77","8,907.88",8.94,"85,453.80",85.76,"94,361.68",94.7,"5,544.59",,5.56,P 1
2024,Lampung,Kab. Lampung Utara,"92,728.83",83.67,0.09,"36,390.50",39.24,"36,474.17",39.33,43.1,,0.05,P 1
2024,Lampung,Kab. Tulang Bawang,"63,301.22","1,095.12",1.73,"4,336.20",6.85,"5,431.32",8.58,"1,095.12",,1.73,P 1
2024,Lampung,Kab. Tanggamus,"136,404.50","4,367.97",3.2,"10,585.00",7.76,"14,952.97",10.96,"3,849.80",,2.82,P 1
2024,Lampung,Kab. Lampung Timur,"208,521.22",81.67,0.04,"1,153.40",0.55,"1,235.07",0.59,81.67,,0.04,P 1
2024,Lampung,Kab. Way Kanan,"71,506.86","3,113.89",4.35,"6,455.43",9.03,"9,569.32",13.38,"1,016.34",148.23,1.63,P 1
2024,Lampung,Kab. Pesawaran,"63,131.88","3,527.14",5.59,"13,578.00",21.51,"17,105.14",27.09,"3,522.73",,5.58,P 1
2024,Lampung,Kab. Pringsewu,"59,628.59","7,081.45",11.88,"16,215.35",27.19,"23,296.80",39.07,"7,032.70",885.35,13.28,P 1
2024,Lampung,Kab. Pesisir Barat,"25,360.20",1.1,0,"2,211.66",8.72,"2,212.75",8.73,,21.66,0.09,P 1
2024,Kepulauan Bangka Belitung,Kab. Bangka,"50,786.39","3,149.77",6.2,"26,660.65",52.5,"29,810.43",58.7,"2,169.73",128.8,4.53,P 1
2024,Kepulauan Bangka Belitung,Kab. Bangka Tengah,"41,510.84","7,506.74",18.08,"23,647.23",56.97,"31,153.97",75.05,"7,073.80",,17.04,P 1
2024,Kepulauan Bangka Belitung,Kab. Bangka Barat,"30,888.64","1,308.51",4.24,"6,570.00",21.27,"7,878.51",25.51,528.52,,1.71,P 1
2024,Kepulauan Bangka Belitung,Kab. Belitung Timur,"20,410.22",26.52,0.13,"9,236.48",45.25,"9,263.00",45.38,26.52,,0.13,P 1
2024,Kepulauan Riau,Kab. Bintan,"20,858.45","2,077.81",9.96,"14,983.25",71.83,"17,061.06",81.79,"1,786.76",,8.57,P 1
2024,Kepulauan Riau,Kab. Karimun,"70,684.84","8,876.29",12.56,"32,120.00",45.44,"40,996.29",58,"7,911.71",,11.19,P 1
2024,Kepulauan Riau,Kab. Kepulauan Anambas,"5,375.79",333.9,6.21,247.5,4.6,581.4,10.82,158.26,,2.94,P 1
2024,Kepulauan Riau,Kota Tanjung Pinang,"55,715.79","12,241.04",21.97,"35,518.51",63.75,"47,759.56",85.72,"12,241.04","1,172.02",24.07,P 1
2024,DKI Jakarta,Kab. Adm. Kep. Seribu,"6,739.09","1,888.49",28.02,"4,826.18",71.61,"6,714.67",99.64,"1,708.48","1,347.73",45.35,P 1
2024,DKI Jakarta,Kota Adm. Jakarta Pusat,"312,221.09","87,526.81",28.03,"223,354.46",71.54,"310,881.27",99.57,"61,308.51",,19.64,P 1
2024,DKI Jakarta,Kota Adm. Jakarta Utara,"509,694.50","142,880.45",28.03,"365,484.31",71.71,"508,364.77",99.74,"100,630.20",2.51,19.74,P 1
2024,DKI Jakarta,Kota Adm. Jakarta Barat,"757,857.05","212,637.57",28.06,"544,174.86",71.8,"756,812.43",99.86,"160,970.11",,21.24,P 1
2024,DKI Jakarta,Kota Adm. Jakarta Selatan,"725,690.82","203,289.04",28.01,"522,242.02",71.96,"725,531.06",99.98,"171,969.88",,23.7,P 1
2024,DKI Jakarta,Kota Adm. Jakarta Timur,"859,045.05","242,094.77",28.18,"615,025.00",71.59,"857,119.77",99.78,"228,232.72",,26.57,P 1
2024,Jawa Barat,Kab. Bogor,"1,026,931.33","30,095.69",2.93,"287,285.91",27.98,"317,381.59",30.91,"29,007.99",,2.82,P 1
2024,Jawa Barat,Kab. Cianjur,"462,637.87","1,792.52",0.39,"120,125.14",25.97,"121,917.66",26.35,"1,792.52",,0.39,P 1
2024,Jawa Barat,Kab. Bandung,"478,956.72","160,023.22",33.41,"140,885.62",29.42,"300,908.84",62.83,"158,413.20","9,606.07",35.08,P 1
2024,Jawa Barat,Kab. Garut,"418,262.61","52,532.82",12.56,"89,060.00",21.29,"141,592.82",33.85,"51,108.94",,12.22,P 1
2024,Jawa Barat,Kab. Tasikmalaya,"254,875.20",102.33,0.04,"18,250.00",7.16,"18,352.33",7.2,98.55,,0.04,P 1
2024,Jawa Barat,Kab. Ciamis,"182,871.42","72,804.74",39.81,"77,462.49",42.36,"150,267.23",82.17,"67,946.11","36,728.49",57.24,P 1
2024,Jawa Barat,Kab. Cirebon,"465,242.92","12,041.64",2.59,"178,890.15",38.45,"190,931.80",41.04,"11,851.84",,2.55,P 1
2024,Jawa Barat,Kab. Sumedang,"176,030.01",609.22,0.35,"25,079.15",14.25,"25,688.36",14.59,609.22,,0.35,P 1
2024,Jawa Barat,Kab. Indramayu,"414,835.78","51,379.51",12.39,"208,214.25",50.19,"259,593.77",62.58,"33,054.54",65.7,7.98,P 1
2024,Jawa Barat,Kab. Purwakarta,"152,672.78","2,558.65",1.68,"25,199.60",16.51,"27,758.25",18.18,"2,558.65","1,591.40",2.72,P 1
2024,Jawa Barat,Kab. Karawang,"389,444.24","2,909.70",0.75,"140,072.32",35.97,"142,982.02",36.71,"2,909.70","1,978.22",1.26,P 1
2024,Jawa Barat,Kab. Bekasi,"614,462.32","2,521.87",0.41,"330,711.32",53.82,"333,233.19",54.23,"1,769.79",,0.29,P 1
2024,Jawa Barat,Kota Bogor,"284,631.60","69,312.71",24.35,"196,510.09",69.04,"265,822.80",93.39,"67,637.05",140.09,23.81,P 1
2024,Jawa Barat,Kota Bandung,"546,151.49","98,314.10",18,"369,161.83",67.59,"467,475.93",85.59,"98,314.10","1,073.94",18.2,P 1
2024,Jawa Barat,Kota Cirebon,"78,969.28","8,590.64",10.88,"58,008.18",73.46,"66,598.81",84.34,"8,472.10",3.37,10.73,P 1
2024,Jawa Barat,Kota Cimahi,"84,666.28","19,105.93",22.57,"62,050.00",73.29,"81,155.93",95.85,"19,105.93","13,505.00",38.52,P 1
2024,Jawa Barat,Kota Tasikmalaya,"121,705.09","19,712.36",16.2,"84,802.51",69.68,"104,514.87",85.88,"19,712.36",660.99,16.74,P 1
2024,Jawa Tengah,Kab. Banyumas,"200,228.74","128,420.27",64.14,"67,798.75",33.86,"196,219.02",98,"126,796.59","36,477.01",81.54,P 1
2024,Jawa Tengah,Kab. Banjarnegara,"155,978.66",339.41,0.22,"20,436.35",13.1,"20,775.76",13.32,24.64,,0.02,P 1
2024,Jawa Tengah,Kab. Wonosobo,"132,810.94","20,284.37",15.27,"47,450.00",35.73,"67,734.37",51,"20,057.73",,15.1,P 1
2024,Jawa Tengah,Kab. Magelang,"243,075.58","66,659.93",27.42,"86,565.78",35.61,"153,225.71",63.04,"66,408.08","4,152.43",29.03,P 1
2024,Jawa Tengah,Kab. Boyolali,"108,784.91","25,276.38",23.24,"38,719.57",35.59,"63,995.94",58.83,"24,885.31",120.82,22.99,P 1
2024,Jawa Tengah,Kab. Sukoharjo,"133,436.70","21,633.79",16.21,"85,074.20",63.76,"106,707.99",79.97,"20,538.32",,15.39,P 1
2024,Jawa Tengah,Kab. Sragen,"218,449.22","24,239.14",11.1,"79,737.17",36.5,"103,976.31",47.6,"10,436.97","19,862.57",13.87,P 1
2024,Jawa Tengah,Kab. Rembang,"96,766.90","14,046.34",14.52,"23,089.97",23.86,"37,136.32",38.38,"13,949.59",3.29,14.42,P 1
2024,Jawa Tengah,Kab. Pati,"248,083.93","36,386.54",14.67,"68,985.00",27.81,"105,371.54",42.47,"36,175.10",0,14.58,P 1
2024,Jawa Tengah,Kab. Kudus,"159,650.27","39,456.73",24.71,"68,222.28",42.73,"107,679.01",67.45,"37,410.03",916.29,24.01,P 1
2024,Jawa Tengah,Kab. Jepara,"153,000.41","19,126.41",12.5,"63,752.98",41.67,"82,879.39",54.17,"18,924.30","1,279.58",13.21,P 1
2024,Jawa Tengah,Kab. Demak,"228,667.03",163.97,0.07,"146,205.17",63.94,"146,369.14",64.01,163.97,,0.07,P 1
2024,Jawa Tengah,Kab. Semarang,"196,718.94","18,795.68",9.55,"88,695.00",45.09,"107,490.68",54.64,"18,795.68","1,095.00",10.11,P 1
2024,Jawa Tengah,Kab. Kendal,"158,286.48","1,104.03",0.7,"72,523.71",45.82,"73,627.74",46.52,"1,104.03",56.97,0.73,P 1
2024,Jawa Tengah,Kab. Brebes,"372,861.55","6,346.45",1.7,"70,678.60",18.96,"77,025.05",20.66,"5,995.07",,1.61,P 1
2024,Jawa Tengah,Kota Magelang,"29,515.10","4,806.54",16.29,"23,136.74",78.39,"27,943.28",94.67,"4,787.85",7.31,16.25,P 1
2024,Jawa Tengah,Kota Surakarta,"153,360.91","29,460.64",19.21,"121,523.76",79.24,"150,984.39",98.45,"24,743.35",,16.13,P 1
2024,Jawa Tengah,Kota Salatiga,"42,629.82","8,847.27",20.75,"33,046.01",77.52,"41,893.28",98.27,"8,016.74","3,544.15",27.12,P 1
2024,Jawa Tengah,Kota Semarang,"434,243.97","120,152.30",27.67,"309,809.86",71.34,"429,962.16",99.01,"117,631.87",317.55,27.16,P 1
2024,Daerah Istimewa Yogyakarta,Kab. Kulon Progo,"80,033.90","24,868.05",31.07,"11,340.55",14.17,"36,208.60",45.24,"23,956.85",,29.93,P 1
2024,Daerah Istimewa Yogyakarta,Kab. Bantul,"158,430.04","29,158.61",18.4,"20,657.50",13.04,"49,816.11",31.44,"29,158.61",824.86,18.93,P 1
2024,Daerah Istimewa Yogyakarta,Kab. Gunungkidul,"134,318.32","32,614.76",24.28,"21,068.16",15.69,"53,682.92",39.97,"31,596.16",153.67,23.64,P 1
2024,Daerah Istimewa Yogyakarta,Kab. Sleman,"219,653.64","30,482.72",13.88,"22,331.43",10.17,"52,814.15",24.04,"27,537.17","3,760.23",14.25,P 1
2024,Daerah Istimewa Yogyakarta,Kota Yogyakarta,"109,704.11","24,088.86",21.96,"66,283.55",60.42,"90,372.40",82.38,"24,088.86","30,802.02",50.04,P 1
2024,Jawa Timur,Kab. Pacitan,"105,691.50","18,205.01",17.22,"13,064.08",12.36,"31,269.09",29.59,"18,130.62",912.5,18.02,P 1
2024,Jawa Timur,Kab. Trenggalek,"110,391.91","15,389.05",13.94,"36,865.00",33.39,"52,254.05",47.34,"12,351.12",,11.19,P 1
2024,Jawa Timur,Kab. Tulungagung,"164,395.27","19,229.64",11.7,"27,763.09",16.89,"46,992.72",28.59,"18,969.96","7,209.48",15.92,P 1
2024,Jawa Timur,Kab. Blitar,"152,206.64","4,611.36",3.03,"86,734.73",56.98,"91,346.09",60.01,"3,704.93","5,310.53",5.92,P 1
2024,Jawa Timur,Kab. Jember,"304,964.95","2,417.65",0.79,"107,442.86",35.23,"109,860.51",36.02,"2,165.97",169.36,0.77,P 1
2024,Jawa Timur,Kab. Banyuwangi,"306,270.96","92,581.50",30.23,"84,906.30",27.72,"177,487.80",57.95,"90,371.51","11,672.70",33.32,P 1
2024,Jawa Timur,Kab. Bondowoso,"115,049.02",601.54,0.52,"24,893.00",21.64,"25,494.54",22.16,513.94,803,1.14,P 1
2024,Jawa Timur,Kab. Situbondo,"93,669.45","8,909.26",9.51,"56,830.13",60.67,"65,739.40",70.18,"4,812.16","3,992.74",9.4,P 1
2024,Jawa Timur,Kab. Sidoarjo,"313,401.68","16,649.64",5.31,"184,334.53",58.82,"200,984.17",64.13,"15,764.16",,5.03,P 1
2024,Jawa Timur,Kab. Mojokerto,"164,117.17","46,169.12",28.13,"36,561.29",22.28,"82,730.41",50.41,"37,114.87",306.19,22.8,P 1
2024,Jawa Timur,Kab. Jombang,"193,583.44","28,590.63",14.77,"56,217.30",29.04,"84,807.93",43.81,"28,251.93",7.3,14.6,P 1
2024,Jawa Timur,Kab. Madiun,"107,927.58","29,640.23",27.46,"17,437.88",16.16,"47,078.11",43.62,"23,335.56","1,487.38",23,P 1
2024,Jawa Timur,Kab. Magetan,"100,976.23","54,314.12",53.79,"19,515.35",19.33,"73,829.47",73.12,"53,841.63","1,685.83",54.99,P 1
2024,Jawa Timur,Kab. Ngawi,"135,297.67","21,803.63",16.12,"29,519.37",21.82,"51,323.00",37.93,"21,803.63",344.93,16.37,P 1
2024,Jawa Timur,Kab. Tuban,"192,907.81","45,584.15",23.63,"70,804.53",36.7,"116,388.67",60.33,"34,465.64","2,184.53",19,P 1
2024,Jawa Timur,Kab. Lamongan,"202,331.91","29,506.06",14.58,"75,737.50",37.43,"105,243.56",52.02,"28,923.58",912.5,14.75,P 1
2024,Jawa Timur,Kab. Pamekasan,"102,470.10","14,719.73",14.36,"48,133.43",46.97,"62,853.15",61.34,"14,441.20",,14.09,P 1
2024,Jawa Timur,Kab. Sumenep,"133,059.91","20,528.04",15.43,"14,006.87",10.53,"34,534.91",25.95,"8,535.65",197.1,6.56,P 1
2024,Jawa Timur,Kota Blitar,"27,988.20","4,390.08",15.69,"22,531.63",80.5,"26,921.71",96.19,"4,295.14",891.87,18.53,P 1
2024,Jawa Timur,Kota Malang,"284,095.41","76,714.26",27,"202,743.61",71.36,"279,457.87",98.37,"76,591.66","15,133.61",32.29,P 1
2024,Jawa Timur,Kota Probolinggo,"44,357.36","7,478.00",16.86,"24,528.00",55.3,"32,006.00",72.15,"7,318.80",116.8,16.76,P 1
2024,Jawa Timur,Kota Pasuruan,"54,335.88","10,969.04",20.19,"36,633.27",67.42,"47,602.31",87.61,"10,969.04",140.57,20.45,P 1
2024,Jawa Timur,Kota Madiun,"45,287.39","10,288.64",22.72,"34,545.43",76.28,"44,834.06",99,"9,545.74",490.93,22.16,P 1
2024,Jawa Timur,Kota Surabaya,"659,033.63","35,361.68",5.37,"617,454.51",93.69,"652,816.19",99.06,"33,286.04","42,774.53",11.54,P 1
2024,Jawa Timur,Kota Batu,"52,063.84","11,452.05",22,"36,507.30",70.12,"47,959.35",92.12,"11,357.59",109.5,22.03,P 1
2024,Banten,Kab. Lebak,"219,931.19","6,920.43",3.15,"47,450.00",21.57,"54,370.43",24.72,"6,464.86",,2.94,P 1
2024,Banten,Kab. Serang,"438,206.52",24.12,0.01,"13,818.26",3.15,"13,842.38",3.16,24.12,"1,189.80",0.28,P 1
2024,Banten,Kota Tangerang,"798,405.91","222,504.13",27.87,"573,415.00",71.82,"795,919.13",99.69,"219,356.83",,27.47,P 1
2024,Banten,Kota Cilegon,"104,729.66","2,101.19",2.01,"81,395.00",77.72,"83,496.19",79.73,"2,101.19",,2.01,P 1
2024,Banten,Kota Serang,"225,318.46","21,358.26",9.48,"135,707.00",60.23,"157,065.26",69.71,"21,351.96",,9.48,P 1
2024,Banten,Kota Tangerang Selatan,"373,267.45","96,016.05",25.72,"265,428.00",71.11,"361,444.05",96.83,"95,991.19","5,183.00",27.11,P 1
2024,Bali,Kab. Jembrana,"59,962.20","13,844.48",23.09,"33,981.50",56.67,"47,825.98",79.76,"13,020.49",,21.71,P 1
2024,Bali,Kab. Badung,"199,810.15","49,141.35",24.59,"87,670.08",43.88,"136,811.43",68.47,"48,652.25","8,392.08",28.55,P 1
2024,Bali,Kab. Gianyar,"205,137.00","21,161.69",10.32,"128,355.90",62.57,"149,517.59",72.89,"20,649.04",,10.07,P 1
2024,Bali,Kab. Klungkung,"40,654.25","10,186.86",25.06,"29,887.29",73.52,"40,074.15",98.57,"10,185.51","5,933.81",39.65,P 1
2024,Bali,Kab. Bangli,"41,557.88","9,204.62",22.15,"30,843.23",74.22,"40,047.85",96.37,"7,854.42",171.55,19.31,P 1
2024,Bali,Kab. Karangasem,"102,643.48","4,975.21",4.85,"2,046.45",1.99,"7,021.66",6.84,"4,775.30",,4.65,P 1
2024,Bali,Kab. Buleleng,"150,880.05","23,497.28",15.57,"60,955.00",40.4,"84,452.28",55.97,"23,444.86",730,16.02,P 1
2024,Bali,Kota Denpasar,"366,806.75","58,926.93",16.06,"294,142.66",80.19,"353,069.60",96.25,"55,598.13","23,670.36",21.61,P 1
2024,Nusa Tenggara Barat,Kab. Lombok Barat,"110,031.59","1,529.72",1.39,"25,206.90",22.91,"26,736.62",24.3,"1,136.25",0,1.03,P 1
2024,Nusa Tenggara Barat,Kab. Lombok Tengah,"159,368.34","29,888.11",18.75,"27,557.50",17.29,"57,445.61",36.05,"29,874.60","2,737.50",20.46,P 1
2024,Nusa Tenggara Barat,Kab. Lombok Timur,"203,141.77","26,198.91",12.9,"39,679.15",19.53,"65,878.06",32.43,"26,032.83",186.15,12.91,P 1
2024,Nusa Tenggara Barat,Kab. Sumbawa,"91,615.00","1,576.33",1.72,"48,545.00",52.99,"50,121.32",54.71,"1,546.13",,1.69,P 1
2024,Nusa Tenggara Barat,Kab. Sumbawa Barat,"22,421.95","4,968.72",22.16,"5,078.98",22.65,"10,047.70",44.81,"4,968.72",,22.16,P 1
2024,Nusa Tenggara Barat,Kab. Lombok Utara,"39,708.06","6,007.07",15.13,"21,933.69",55.24,"27,940.76",70.37,"1,090.31",,2.75,P 1
2024,Nusa Tenggara Timur,Kab. Kupang,"56,970.66",53.94,0.09,,,53.94,0.09,0.85,,0,P 1
2024,Nusa Tenggara Timur,Kab. Timor Tengah Utara,"39,606.44",0,0,"1,927.20",4.87,"1,927.20",4.87,,,0,P 1
2024,Nusa Tenggara Timur,Kab. Flores Timur,"75,221.76",299.09,0.4,"6,504.30",8.65,"6,803.39",9.04,286.31,,0.38,P 1
2024,Nusa Tenggara Timur,Kab. Ngada,"43,825.66",60.4,0.14,"7,847.50",17.91,"7,907.90",18.04,,,0,P 1
2024,Nusa Tenggara Timur,Kab. Manggarai,"54,522.82",,,"8,847.05",16.23,"8,847.05",16.23,,,0,P 1
2024,Nusa Tenggara Timur,Kab. Sumba Timur,"21,792.78",0,0,"16,754.60",76.88,"16,754.60",76.88,,329.6,1.51,P 1
2024,Nusa Tenggara Timur,Kab. Lembata,"25,975.96",17.19,0.07,"1,887.05",7.26,"1,904.24",7.33,7.8,,0.03,P 1
2024,Nusa Tenggara Timur,Kab. Rote Ndao,"49,291.78","1,037.70",2.11,"2,957.05",6,"3,994.74",8.1,"1,037.70",,2.11,P 1
2024,Nusa Tenggara Timur,Kab. Manggarai Barat,"51,637.10","1,400.21",2.71,"8,030.00",15.55,"9,430.21",18.26,"1,400.21",,2.71,P 1
2024,Nusa Tenggara Timur,Kab. Nagekeo,"24,104.31",705.52,2.93,,,705.52,2.93,694.7,,2.88,P 1
2024,Nusa Tenggara Timur,Kab. Sumba Tengah,"13,210.37",22.48,0.17,"3,613.50",27.35,"3,635.98",27.52,22.27,,0.17,P 1
2024,Nusa Tenggara Timur,Kab. Sumba Barat Daya,"58,778.32",2.56,0,,,2.56,0,2.56,,0,P 1
2024,Nusa Tenggara Timur,Kab. Malaka,"27,885.12",0,0,,,0,0,,,0,P 1
2024,Nusa Tenggara Timur,Kota Kupang,"85,160.34","6,909.85",8.11,"60,257.40",70.76,"67,167.24",78.87,"6,782.42",,7.96,P 1
2024,Kalimantan Barat,Kab. Mempawah,"30,500.63",38.06,0.12,"9,345.82",30.64,"9,383.89",30.77,0,,0,P 1
2024,Kalimantan Barat,Kab. Sanggau,"92,630.25",34.58,0.04,"20,654.77",22.3,"20,689.35",22.34,5.38,,0.01,P 1
2024,Kalimantan Barat,Kab. Ketapang,"110,297.78",46.34,0.04,"15,596.45",14.14,"15,642.79",14.18,41.34,,0.04,P 1
2024,Kalimantan Barat,Kab. Kapuas Hulu,"50,171.99",423.04,0.84,"9,387.80",18.71,"9,810.83",19.55,,,0,P 1
2024,Kalimantan Barat,Kab. Bengkayang,"43,650.93",45.74,0.1,"6,504.30",14.9,"6,550.04",15.01,,,0,P 1
2024,Kalimantan Barat,Kab. Landak,"59,797.95",284.7,0.48,"8,705.25",14.56,"8,989.95",15.03,284.7,,0.48,P 1
2024,Kalimantan Barat,Kab. Melawi,"31,145.01","2,054.48",6.6,"5,299.80",17.02,"7,354.28",23.61,"2,054.48",,6.6,P 1
2024,Kalimantan Barat,Kab. Kayong Utara,"23,925.75",778.09,3.25,"8,455.59",35.34,"9,233.68",38.59,778.09,,3.25,P 1
2024,Kalimantan Barat,Kab. Kubu Raya,"162,500.56",34.81,0.02,"26,280.00",16.17,"26,314.81",16.19,34.81,,0.02,P 1
2024,Kalimantan Barat,Kota Pontianak,"150,366.28","37,676.92",25.06,"112,431.50",74.77,"150,108.42",99.83,"34,224.03",553.26,23.13,P 1
2024,Kalimantan Barat,Kota Singkawang,"35,483.20","3,949.79",11.13,"30,816.29",86.85,"34,766.08",97.98,"3,949.79",39.49,11.24,P 1
2024,Kalimantan Tengah,Kab. Kotawaringin Barat,"51,052.55","9,735.77",19.07,"33,365.85",65.36,"43,101.63",84.43,"9,616.36","1,944.83",22.65,P 1
2024,Kalimantan Tengah,Kab. Kotawaringin Timur,"87,386.06",104.76,0.12,"26,280.00",30.07,"26,384.76",30.19,96.54,,0.11,P 1
2024,Kalimantan Tengah,Kab. Kapuas,"77,596.45","1,142.37",1.47,"9,201.53",11.86,"10,343.90",13.33,"1,101.91",9.63,1.43,P 1
2024,Kalimantan Tengah,Kab. Barito Selatan,"24,813.80","1,761.78",7.1,"7,011.65",28.26,"8,773.43",35.36,"1,434.80",,5.78,P 1
2024,Kalimantan Tengah,Kab. Barito Utara,"23,833.48",697.15,2.93,"14,149.96",59.37,"14,847.11",62.3,697.15,57.31,3.17,P 1
2024,Kalimantan Tengah,Kab. Seruyan,"31,262.98",18.26,0.06,"5,489.60",17.56,"5,507.86",17.62,,189.8,0.61,P 1
2024,Kalimantan Tengah,Kab. Sukamara,"9,406.93","1,907.12",20.27,584,6.21,"2,491.12",26.48,"1,800.65",,19.14,P 1
2024,Kalimantan Tengah,Kab. Gunung Mas,"35,653.47",0,0,"3,577.00",10.03,"3,577.00",10.03,0,,0,P 1
2024,Kalimantan Tengah,Kab. Pulang Pisau,"25,221.50","1,070.46",4.24,"1,547.23",6.13,"2,617.69",10.38,"1,048.65",,4.16,P 1
2024,Kalimantan Tengah,Kab. Murung Raya,"21,512.55","3,781.77",17.58,"4,599.00",21.38,"8,380.77",38.96,"3,781.77",,17.58,P 1
2024,Kalimantan Tengah,Kab. Barito Timur,"17,127.55",321.33,1.88,"4,843.55",28.28,"5,164.88",30.16,321.33,,1.88,P 1
2024,Kalimantan Tengah,Kota Palangkaraya,"58,491.25","16,261.75",27.8,"41,573.50",71.08,"57,835.25",98.88,"15,468.88",,26.45,P 1
2024,Kalimantan Selatan,Kab. Tanah Laut,"53,161.08","5,559.41",10.46,"13,207.71",24.84,"18,767.11",35.3,21.54,0,0.04,P 1
2024,Kalimantan Selatan,Kab. Kotabaru,"66,175.43","2,411.76",3.64,"19,670.04",29.72,"22,081.79",33.37,"2,079.85",11.14,3.16,P 1
2024,Kalimantan Selatan,Kab. Banjar,"133,381.04","24,368.64",18.27,"71,266.25",53.43,"95,634.89",71.7,"24,177.73",91.25,18.2,P 1
2024,Kalimantan Selatan,Kab. Barito Kuala,"36,602.13","9,109.03",24.89,"18,461.70",50.44,"27,570.73",75.33,"7,975.13","1,708.20",26.46,P 1
2024,Kalimantan Selatan,Kab. Tapin,"28,892.38","5,098.42",17.65,"17,809.81",61.64,"22,908.23",79.29,"4,881.59",340.91,18.08,P 1
2024,Kalimantan Selatan,Kab. Hulu Sungai Selatan,"35,624.29","3,652.76",10.25,"22,726.73",63.8,"26,379.49",74.05,"2,714.16","2,469.23",14.55,P 1
2024,Kalimantan Selatan,Kab. Hulu Sungai Tengah,"39,180.56","9,118.98",23.27,"24,468.31",62.45,"33,587.29",85.72,"8,645.96",360.06,22.99,P 1
2024,Kalimantan Selatan,Kab. Hulu Sungai Utara,"34,609.15",14.66,0.04,"17,014.80",49.16,"17,029.45",49.21,14.66,5.8,0.06,P 1
2024,Kalimantan Selatan,Kab. Tabalong,"43,092.79","7,223.40",16.76,"31,871.80",73.96,"39,095.20",90.72,"4,406.57",73,10.4,P 1
2024,Kalimantan Selatan,Kab. Tanah Bumbu,"63,206.32","10,786.53",17.07,"48,070.14",76.05,"58,856.67",93.12,"10,655.36",,16.86,P 1
2024,Kalimantan Selatan,Kab. Balangan,"21,307.04","4,130.13",19.38,"15,266.13",71.65,"19,396.25",91.03,"3,962.15",,18.6,P 1
2024,Kalimantan Selatan,Kota Banjarmasin,"173,647.25","37,910.53",21.83,"132,237.25",76.15,"170,147.78",97.98,"36,881.36",337.19,21.43,P 1
2024,Kalimantan Selatan,Kota Banjarbaru,"69,690.95","19,471.52",27.94,"50,193.70",72.02,"69,665.22",99.96,"16,049.97",144.68,23.24,P 1
2024,Kalimantan Timur,Kab. Paser,"44,299.90","4,396.04",9.92,"27,528.26",62.14,"31,924.30",72.06,"3,301.84",98.51,7.68,P 1
2024,Kalimantan Timur,Kab. Kutai Kartanegara,"135,200.79","21,197.61",15.68,"78,337.36",57.94,"99,534.97",73.62,"19,531.65",91.76,14.51,P 1
2024,Kalimantan Timur,Kab. Berau,"52,732.10","9,202.09",17.45,"33,921.88",64.33,"43,123.96",81.78,"8,522.95",24.42,16.21,P 1
2024,Kalimantan Timur,Kab. Kutai Barat,"26,297.37",24.71,0.09,"10,831.23",41.19,"10,855.94",41.28,24.71,,0.09,P 1
2024,Kalimantan Timur,Kab. Kutai Timur,"79,082.18","7,390.65",9.35,"39,226.37",49.6,"46,617.02",58.95,"6,988.53","1,650.17",10.92,P 1
2024,Kalimantan Timur,Kab. Penajam Paser Utara,"36,427.00","5,190.79",14.25,"18,551.64",50.93,"23,742.43",65.18,"2,299.24",279.74,7.08,P 1
2024,Kalimantan Timur,Kab. Mahakam Ulu,"6,744.85",91.25,1.35,"2,482.00",36.8,"2,573.25",38.15,91.25,,1.35,P 1
2024,Kalimantan Timur,Kota Balikpapan,"195,151.92","48,821.26",25.02,"141,064.90",72.28,"189,886.16",97.3,"39,299.92",627.5,20.46,P 1
2024,Kalimantan Timur,Kota Samarinda,"220,209.83","18,145.92",8.24,"87,820.06",39.88,"105,965.98",48.12,"17,100.27",304.01,7.9,P 1
2024,Kalimantan Timur,Kota Bontang,"38,962.93","11,127.39",28.56,"27,710.07",71.12,"38,837.46",99.68,"10,644.59",254.77,27.97,P 1
2024,Kalimantan Utara,Kab. Bulungan,"30,681.17",8.03,0.03,"29,045.97",94.67,"29,054.00",94.7,0,0,0,P 1
2024,Kalimantan Utara,Kab. Nunukan,"16,703.80","2,812.79",16.84,"7,316.02",43.8,"10,128.81",60.64,"2,626.39",16.02,15.82,P 1
2024,Kalimantan Utara,Kab. Tana Tidung,"4,182.61",29.71,0.71,"2,839.01",67.88,"2,868.72",68.59,29.71,,0.71,P 1
2024,Sulawesi Utara,Kab. Bolaang Mongondow,"46,496.44",18.69,0.04,"2,920.00",6.28,"2,938.69",6.32,,,0,P 1
2024,Sulawesi Utara,Kab. Minahasa,"63,922.63","17,595.18",27.53,"41,763.30",65.33,"59,358.48",92.86,"17,496.40",,27.37,P 1
2024,Sulawesi Utara,Kab. Kepulauan Sangihe,"20,529.64",392.76,1.91,"9,084.85",44.25,"9,477.61",46.17,358.21,,1.74,P 1
2024,Sulawesi Utara,Kab. Kepulauan Talaud,"14,694.17",0.24,0,919.07,6.25,919.31,6.26,,,0,P 1
2024,Sulawesi Utara,Kab. Minahasa Selatan,"35,710.14","1,255.70",3.52,"11,869.80",33.24,"13,125.50",36.76,803.42,919.8,4.83,P 1
2024,Sulawesi Utara,Kab. Minahasa Utara,"43,976.48","1,932.17",4.39,"23,849.28",54.23,"25,781.46",58.63,"1,825.00",0.18,4.15,P 1
2024,Sulawesi Utara,Kab. Minahasa Tenggara,"17,418.53",380.08,2.18,"4,641.70",26.65,"5,021.78",28.83,18,6.21,0.14,P 1
2024,Sulawesi Utara,Kab. Bolaang Mongondow Utara,"12,572.21",32.3,0.26,"6,626.58",52.71,"6,658.87",52.97,6.94,1.83,0.07,P 1
2024,Sulawesi Utara,Kab. Kep. Siau Tagulandang Biaro,"10,640.92",145.73,1.37,"3,358.00",31.56,"3,503.73",32.93,116.8,,1.1,P 1
2024,Sulawesi Utara,Kab. Bolaang Mongondow Timur,"13,529.97",500.05,3.7,,,500.05,3.7,,,0,P 1
2024,Sulawesi Utara,Kab. Bolaang Mongondow Selatan,"11,004.60",164.25,1.49,"4,818.00",43.78,"4,982.25",45.27,161.7,,1.47,P 1
2024,Sulawesi Utara,Kota Manado,"106,288.37","7,639.21",7.19,"89,790.00",84.48,"97,429.21",91.66,"7,377.98",,6.94,P 1
2024,Sulawesi Utara,Kota Bitung,"58,055.22","1,655.23",2.85,"41,245.00",71.04,"42,900.23",73.9,8.6,,0.01,P 1
2024,Sulawesi Utara,Kota Tomohon,"18,810.64",577.72,3.07,"13,505.00",71.79,"14,082.72",74.87,54.9,,0.29,P 1
2024,Sulawesi Utara,Kota Kotamobagu,"31,626.81","2,542.70",8.04,"23,095.37",73.02,"25,638.07",81.06,"2,446.54",160.6,8.24,P 1
2024,Sulawesi Tengah,Kab. Morowali,"31,107.13",754.65,2.43,"2,663.32",8.56,"3,417.98",10.99,691.53,14.4,2.27,P 1
2024,Sulawesi Tengah,Kab. Banggai Kepulauan,"22,207.33","1,049.78",4.73,"3,084.25",13.89,"4,134.03",18.62,27.65,,0.12,P 1
2024,Sulawesi Tengah,Kab. Parigi Moutong,"83,415.46","4,380.14",5.25,"3,452.17",4.14,"7,832.31",9.39,"4,380.14",21.9,5.28,P 1
2024,Sulawesi Tengah,Kab. Banggai Laut,"14,124.59",219,1.55,"4,215.75",29.85,"4,434.75",31.4,219,,1.55,P 1
2024,Sulawesi Tengah,Kab. Morowali Utara,"27,490.71",26.16,0.1,"1,748.35",6.36,"1,774.51",6.45,14.24,,0.05,P 1
2024,Sulawesi Tengah,Kota Palu,"71,633.08","6,923.07",9.66,"53,538.20",74.74,"60,461.27",84.4,415.45,,0.58,P 1
2024,Sulawesi Selatan,Kab. Kepulauan Selayar,"20,746.60",205.81,0.99,"4,491.98",21.65,"4,697.78",22.64,205.81,8.78,1.03,P 1
2024,Sulawesi Selatan,Kab. Bulukumba,"67,943.00","5,627.09",8.28,"37,695.10",55.48,"43,322.20",63.76,"3,962.36",49.88,5.91,P 1
2024,Sulawesi Selatan,Kab. Bantaeng,"30,896.96","8,958.63",29,"10,931.75",35.38,"19,890.38",64.38,"8,860.11",897.9,31.58,P 1
2024,Sulawesi Selatan,Kab. Bone,"149,743.08","22,183.27",14.81,"86,946.65",58.06,"109,129.92",72.88,"21,630.84",,14.45,P 1
2024,Sulawesi Selatan,Kab. Maros,"56,827.14","5,895.25",10.37,"27,484.50",48.37,"33,379.75",58.74,"4,723.68",109.5,8.51,P 1
2024,Sulawesi Selatan,Kab. Pangkajene dan Kepulauan,"52,821.49","4,532.82",8.58,"20,367.00",38.56,"24,899.82",47.14,"4,529.28",292,9.13,P 1
2024,Sulawesi Selatan,Kab. Barru,"28,526.21","1,187.51",4.16,"12,200.34",42.77,"13,387.85",46.93,"1,187.51",23.94,4.25,P 1
2024,Sulawesi Selatan,Kab. Soppeng,"35,179.43","4,743.75",13.48,"22,808.85",64.84,"27,552.60",78.32,"3,896.90",142.35,11.48,P 1
2024,Sulawesi Selatan,Kab. Sidenreng Rappang,"48,288.33","8,251.24",17.09,"26,400.92",54.67,"34,652.16",71.76,"8,010.94",412.92,17.44,P 1
2024,Sulawesi Selatan,Kab. Pinrang,"68,522.47","10,008.17",14.61,"29,554.05",43.13,"39,562.22",57.74,"9,989.75",,14.58,P 1
2024,Sulawesi Selatan,Kab. Tana Toraja,"47,131.90",35.7,0.08,"14,829.25",31.46,"14,864.95",31.54,,0,0,P 1
2024,Sulawesi Selatan,Kab. Luwu Utara,"60,358.96",90,0.15,"7,424.10",12.3,"7,514.10",12.45,0,,0,P 1
2024,Sulawesi Selatan,Kab. Luwu Timur,"45,045.38","6,327.58",14.05,"14,681.03",32.59,"21,008.61",46.64,"5,829.60",81.03,13.12,P 1
2024,Sulawesi Selatan,Kab. Toraja Utara,"48,638.62","3,788.07",7.79,"10,585.00",21.76,"14,373.07",29.55,"3,491.39",,7.18,P 1
2024,Sulawesi Selatan,Kota Makassar,"387,470.48","1,290.13",0.33,"281,632.99",72.69,"282,923.12",73.02,"1,062.27",,0.27,P 1
2024,Sulawesi Selatan,Kota Parepare,"29,535.80","4,527.41",15.33,"21,589.75",73.1,"26,117.16",88.43,"2,019.88",,6.84,P 1
2024,Sulawesi Selatan,Kota Palopo,"32,398.50","2,640.97",8.15,"22,721.25",70.13,"25,362.22",78.28,"2,162.67",178.85,7.23,P 1
2024,Sulawesi Tenggara,Kab. Kolaka,"44,297.57","2,034.88",4.59,"22,120.83",49.94,"24,155.70",54.53,"2,034.88",38.33,4.68,P 1
2024,Sulawesi Tenggara,Kab. Muna,"34,770.63",974.05,2.8,"8,491.72",24.42,"9,465.77",27.22,387.08,,1.11,P 1
2024,Sulawesi Tenggara,Kab. Konawe Utara,"11,299.09",0,0,"1,541.76",13.64,"1,541.76",13.64,,,0,P 1
2024,Sulawesi Tenggara,Kab. Kolaka Timur,"20,651.85","1,116.76",5.41,"1,460.00",7.07,"2,576.76",12.48,"1,095.00",,5.3,P 1
2024,Sulawesi Tenggara,Kab. Buton Selatan,"8,527.64",0,0,"1,505.63",17.66,"1,505.63",17.66,,,0,P 1
2024,Sulawesi Tenggara,Kota Kendari,"93,375.91",86.88,0.09,"91,426.66",97.91,"91,513.54",98.01,64.1,,0.07,P 1
2024,Sulawesi Tenggara,Kota Bau Bau,"33,215.00","5,907.89",17.79,"26,645.00",80.22,"32,552.89",98.01,"5,799.85",,17.46,P 1
2024,Gorontalo,Kab. Bone Bolango,"20,753.66","1,857.81",8.95,"5,189.90",25.01,"7,047.71",33.96,711.82,262.4,4.69,P 1
2024,Gorontalo,Kota Gorontalo,"52,073.97","11,831.70",22.72,"36,682.50",70.44,"48,514.20",93.16,"11,451.24",182.5,22.34,P 1
2024,Sulawesi Barat,Kab. Pasangkayu,"29,815.54",104.39,0.35,"4,403.36",14.77,"4,507.75",15.12,104.39,23.36,0.43,P 1
2024,Sulawesi Barat,Kab. Mamuju,"53,362.09",449.41,0.84,"4,901.95",9.19,"5,351.36",10.03,382.48,,0.72,P 1
2024,Sulawesi Barat,Kab. Majene,"26,478.56",599.02,2.26,"8,250.82",31.16,"8,849.84",33.42,522.28,,1.97,P 1
2024,Maluku,Kab. Buru,"23,572.50",732.19,3.11,"3,974.85",16.86,"4,707.04",19.97,732.19,,3.11,P 1
2024,Maluku,Kab. Seram Bagian Barat,"31,738.79",445.49,1.4,"1,357.80",4.28,"1,803.29",5.68,445.49,,1.4,P 1
2024,Maluku,Kota Ambon,"90,460.29","2,437.80",2.69,"61,393.00",67.87,"63,830.80",70.56,"2,373.10",,2.62,P 1
2024,Maluku,Kota Tual,"23,315.65",278.24,1.19,"14,235.00",61.05,"14,513.24",62.25,0,,0,P 1
2024,Maluku Utara,Kab. Halmahera Tengah,"15,549.00",0,0,"11,183.78",71.93,"11,183.78",71.93,,,0,P 1
2024,Maluku Utara,Kab. Halmahera Selatan,"37,286.06",0,0,"20,841.85",55.9,"20,841.85",55.9,,4,0.01,P 1
2024,Maluku Utara,Kab. Kepulauan Sula,"24,933.79",0,0,"8,672.40",34.78,"8,672.40",34.78,0,,0,P 1
2024,Maluku Utara,Kab. Halmahera Timur,"19,652.42",0,0,"15,727.16",80.03,"15,727.16",80.03,,,0,P 1
2024,Maluku Utara,Kab. Pulau Morotai,"11,951.56",0,0,"3,819.47",31.96,"3,819.47",31.96,,,0,P 1
2024,Maluku Utara,Kab. Pulau Taliabu,"11,915.61",0,0,843.15,7.08,843.15,7.08,,,0,P 1
2024,Papua,Kab. Jayapura,"37,188.39","1,088.49",2.93,"19,994.70",53.77,"21,083.19",56.69,"1,069.45",,2.88,P 1
2024,Papua,Kab. Kepulauan Yapen,"16,951.62",,,"13,008.60",76.74,"13,008.60",76.74,,,0,P 1
2024,Papua,Kab. Biak Numfor,"21,664.65","3,750.73",17.31,"17,282.75",79.77,"21,033.48",97.09,"3,540.42",18.25,16.43,P 1
2024,Papua,Kab. Sarmi,"6,205.00",0,0,"2,168.10",34.94,"2,168.10",34.94,,,0,P 1
2024,Papua Barat,Kab. Manokwari,"76,650.00","1,095.00",1.43,"25,550.00",33.33,"26,645.00",34.76,"1,095.00",,1.43,P 1
2024,Papua Barat,Kab. Fak Fak,"13,164.97",69.75,0.53,"5,781.60",43.92,"5,851.35",44.45,68.41,,0.52,P 1
2024,Papua Barat,Kab. Teluk Wondama,"6,501.96",331.79,5.1,"2,890.80",44.46,"3,222.59",49.56,331.79,,5.1,P 1
2024,Papua Barat,Kab. Kaimana,"9,731.63",112.26,1.15,"4,456.65",45.8,"4,568.91",46.95,104.76,,1.08,P 1
2024,Papua Selatan,Kab. Boven Digoel,"9,518.18",102.2,1.07,"2,920.00",30.68,"3,022.20",31.75,102.2,,1.07,P 1
2024,Papua Selatan,Kab. Asmat,"17,305.38",181.72,1.05,"3,467.50",20.04,"3,649.22",21.09,153.3,,0.89,P 1
2024,Papua Tengah,Kab. Nabire,"25,466.34",34.97,0.14,"11,117.90",43.66,"11,152.87",43.79,28.03,,0.11,P 1
2024,Papua Tengah,Kab. Mimika,"57,125.42",862.86,1.51,"29,742.90",52.07,"30,605.76",53.58,862.86,18.25,1.54,P 1
2024,Papua Tengah,Kab. Dogiyai,"17,201.43",0,0,,,0,0,,,0,P 1
2024,Papua Pegunungan,Kab. Jayawijaya,"41,244.56",54.75,0.13,"10,840.50",26.28,"10,895.25",26.42,54.75,,0.13,P 1
2024,Papua Barat Daya,Kab. Sorong,"18,974.60","1,990.00",10.49,"5,887.45",31.03,"7,877.45",41.52,"1,295.89",,6.83,P 1
2024,Papua Barat Daya,Kab. Sorong Selatan,"7,738.00",0,0,"1,277.50",16.51,"1,277.50",16.51,,,0,P 1
2024,Papua Barat Daya,Kab. Raja Ampat,"10,001.00",55.77,0.56,"2,649.90",26.5,"2,705.67",27.05,43.96,,0.44,P 1
